model_vs_LR,auc_model,auc_LR,delta_auc,p_value,verdict
RF,0.8657,0.8877,-0.022,2.833134391450476e-42,sig. worse
GB,0.8882,0.8877,0.0004,0.17210040155109607,no sig. difference
Ensemble,0.8867,0.8877,-0.0011,0.011676842971927604,sig. worse
Primary,0.8878,0.8877,0.0,0.41399444831089893,no sig. difference
XGBoost,0.8879,0.8877,0.0002,0.5939526508024868,no sig. difference
Stacking,0.8876,0.8877,-0.0001,0.24317756881182073,no sig. difference
