demographic_group,group_size,model_accuracy,difference_from_baseline,bias_status
Age 18-30,6290,0.8911515850041101,0.0033838151415005457,OK
Age 30-50,19713,0.873950561972846,-0.013817207889763483,OK
Age 50-65,11189,0.7987648177354939,-0.08900295212711562,FLAG
Age 65+,5926,0.7326483424281645,-0.15511942743444507,FLAG
